available	workStart	workEnd	honorific	firstName	lastName	birthdate	phoneNumber	email
false	2017-12-19 10:25:23	2017-06-25 13:53:44	Mr	Maurita	Strathern	18/03/1981	+420 (575) 833-4732	mstrathern0@dyndns.org
true	2017-12-25 20:59:35	2017-04-28 11:35:15	Honorable	Madelene	Fellman	15/04/1966	+49 (152) 304-5287	mfellman1@sciencedirect.com
false	2018-02-25 11:39:53	2018-01-17 23:54:57	Honorable	Dinny	Barg	28/01/1995	+62 (420) 611-0685	dbarg2@woothemes.com
true	2017-07-25 00:25:26	2017-05-15 22:11:59	Mrs	Klaus	MacNamara	27/03/1973	+86 (859) 415-6020	kmacnamara3@usatoday.com
true	2018-03-07 11:50:14	2018-03-07 14:30:11	Mr	Henrik	Benny	05/07/1984	+380 (591) 308-5491	hbenny4@shareasale.com
true	2017-11-20 06:55:27	2017-05-20 22:31:47	Honorable	Carling	Weadick	26/03/1999	+420 (457) 158-5024	cweadick5@wikipedia.org
false	2017-08-28 01:07:31	2017-03-18 07:45:00	Mrs	Nikkie	Deex	09/12/1972	+86 (507) 639-7419	ndeex6@theguardian.com
true	2017-09-23 22:45:09	2017-07-27 12:35:07	Mr	Conn	Beebis	23/03/1975	+502 (144) 440-4326	cbeebis7@google.com.au
false	2017-04-17 02:30:51	2017-10-31 21:30:30	Rev	Fallon	Chrystal	01/11/1980	+57 (183) 893-9242	fchrystal8@microsoft.com
false	2017-11-19 04:21:56	2018-04-08 20:53:24	Ms	Winn	Massen	08/06/1987	+359 (421) 138-1389	wmassen9@1und1.de
false	2017-06-29 20:20:17	2017-04-25 02:38:21	Dr	Rafi	Clarage	09/11/1958	+504 (732) 445-3425	rclaragea@dot.gov
true	2017-03-28 11:57:22	2017-03-19 23:23:57	Rev	Annabella	Pettie	31/05/1963	+86 (306) 928-6932	apettieb@netscape.com
true	2018-04-08 07:03:24	2017-08-09 18:54:33	Mr	Obed	Selman	08/06/1976	+52 (230) 378-8344	oselmanc@woothemes.com
true	2017-08-10 05:23:24	2017-06-01 17:56:22	Mrs	Burnaby	Capps	19/10/1962	+60 (277) 559-2919	bcappsd@ebay.co.uk
true	2018-01-12 02:00:25	2017-12-11 23:59:04	Rev	Nataline	Josskowitz	24/02/1978	+86 (493) 222-1459	njosskowitze@tiny.cc
